{
    "mean_reprojection_error": 0.0394378816092492,
    "camera_matrix": [
        [
            1278.758868138946,
            0.0,
            717.8013816026536
        ],
        [
            0.0,
            1282.8235518589713,
            487.44400742939894
        ],
        [
            0.0,
            0.0,
            1.0
        ]
    ],
    "distortion_coefficients": [
        [
            -0.03135159833487212,
            0.23851335500360682,
            0.00016891615648330114,
            0.0008830786527372752,
            -0.9928900853809205
        ]
    ],
    "image_size": [
        1440,
        960
    ],
    "checkerboard_size": [
        6,
        9
    ],
    "square_size_mm": 25.0
}