{
    "mean_reprojection_error": 0.09455753214006613,
    "camera_matrix": [
        [
            26.202633651845336,
            0.0,
            84.47089969795947
        ],
        [
            0.0,
            26.50031752787398,
            95.67046371726092
        ],
        [
            0.0,
            0.0,
            1.0
        ]
    ],
    "distortion_coefficients": [
        [
            -0.0009958662406765718,
            4.691975286806727e-05,
            -0.003031082098550733,
            0.0006492956424215556,
            -6.400035613504193e-07
        ]
    ],
    "image_size": [
        156,
        200
    ],
    "checkerboard_size": [
        6,
        9
    ],
    "square_size_mm": 25.0
}