{
    "stereo_reprojection_error": 0.8708865055600371,
    "rotation_matrix_R1_to_R2": [
        [
            1.0,
            -8.930207230955189e-13,
            -4.0290157760204785e-12
        ],
        [
            8.930207230955189e-13,
            1.0,
            -5.504039557804119e-12
        ],
        [
            4.0290157760204785e-12,
            5.504039557804119e-12,
            1.0
        ]
    ],
    "translation_vector_T1_to_T2": [
        [
            -5.619046167086363e-10
        ],
        [
            1.943277914627631e-10
        ],
        [
            1.3114920709200126e-08
        ]
    ],
    "image_size": [
        1920,
        1080
    ],
    "checkerboard_size": [
        6,
        9
    ],
    "square_size_mm": 25.0
}