{
    "mean_reprojection_error": 0.03912738242806149,
    "camera_matrix": [
        [
            1256.3848542608807,
            0.0,
            707.6035534948718
        ],
        [
            0.0,
            1257.5669687686575,
            478.58995061340926
        ],
        [
            0.0,
            0.0,
            1.0
        ]
    ],
    "distortion_coefficients": [
        [
            -0.1655363008126169,
            2.8377839949076584,
            -0.0022206835965686003,
            -0.0009112647448196811,
            -19.373347530239126
        ]
    ],
    "image_size": [
        1440,
        960
    ],
    "checkerboard_size": [
        6,
        9
    ],
    "square_size_mm": 25.0
}